customer_count,total_mrr,avg_mrr,annualized_revenue,avg_completion_rate,avg_abandonment_rate,avg_friction_score,pct_high_friction,pct_creates_no_publish,avg_email_creates_90d,avg_email_publishes_90d,total_eligible_initiatives,cluster_id,cluster_name,dominant_features
29045.0,1735365.3,59.74747116543295,20824383.6,6.657255982096747e-05,0.9999334274401791,0.9314624341538991,0.9978309519710794,0.9978309519710794,1.9859872611464968,0.0003787226717163023,2.8399380271991737,0.0,Paid users starting but not sending,high friction_score; low publishes_trend; low email_publishes_90d
396223.0,23641974.259999998,59.66835408343281,283703691.12,8.833409468910184e-06,0.9999911665905311,0.40000025238312764,1.2619156384157406e-05,1.2619156384157406e-05,5.0476625536629625e-05,1.766681893782037e-05,1.000012619156384,1.0,Dormant paid users at retention risk,low publishes_trend; low email_tests_90d; low creates_trend
175628.0,10656315.1,60.67549081012139,127875781.19999999,0.4655224127132348,0.5344775872867652,0.2137921345115813,0.0,0.0,4.624473318605234,2.130947229371171,2.7157514747079055,2.0,Active mid-market users,low publishes_trend; high builder_active_days_90d; high total_eligible_initiatives
53891.0,3165412.6700000004,58.73731550722756,37984952.04000001,0.5256018240522535,0.47439817594774636,0.18975828802582995,0.0,0.0,5.135532834796162,2.700877697574734,1.9433857230335307,3.0,Active mid-market users,high tenure_months; high automation_creates_90d; low publishes_trend
104833.0,6328440.3100000005,60.36687216811501,75941283.72,0.630404013049326,0.36959598695067397,0.1478362519435674,0.0,0.0,7.725773372888308,4.830578157641201,1.8664924212795588,4.0,Active mid-market users,high creates_trend; low publishes_trend; high ai_content_creates_90d
111105.0,6629567.1,59.669385716214386,79554805.19999999,0.6437371909455021,0.35626280905449803,0.142503793708654,0.0,0.0,6.842518338508618,4.369920345619009,2.086377750776293,5.0,Active mid-market users,high publishes_trend; high email_publishes_90d; high ca_template_creates_90d
129275.0,7546136.27,58.372742370914715,90553635.24,0.5423948644362793,0.4576051355637208,0.1830401021079095,0.0,0.0,4.7783871591568365,2.5972539160703927,1.2620382904660608,6.0,Active mid-market users,high sms_creates_90d; low publishes_trend; high email_completion_rate
