wave,customer_count,total_mrr,expected_revenue,cumulative_revenue,avg_ev,top_initiative,pct_paid,avg_friction
1,241465,25685292.240000002,275356771.2542921,275356771.2542921,1140.3589392015078,universal_content,1.0,0.17560293541507055
2,258527,8330387.210000001,81324831.0103856,356681602.26467764,314.56997145515015,universal_content,1.0,0.2423744835162285
3,249994,19109433.65,8385801.855709197,365067404.12038684,33.544012479136285,activation,1.0,0.3487904857716586
4,250014,6578097.91,1414.4721766749653,365068818.5925635,0.005657571882674432,activation,1.0,0.38419227203276624
