wave,customer_count,total_mrr,expected_revenue,cumulative_revenue,avg_ev,top_initiative,pct_paid,avg_friction
1,401569,81153382.47027156,18204594.68112361,18204594.68112361,283.3354087517278,universal_content,0.969195829359338,0.1054252496204093
2,331174,9879826.426667014,1874862.1688610434,20079456.849984653,35.382875936460955,universal_content,0.9693756152354955,0.178658597469178
3,263105,17111564.979444895,162.15002610574516,20079619.00001076,0.00385183733931665,activation,0.9632238079854051,0.40017407498907287
4,655744,0.0,0.0,20079619.00001076,0.0,rendering_fix,0.03964656939293383,0.3032742547170339
