wave,customer_count,total_mrr,expected_revenue,cumulative_revenue,avg_ev,top_initiative,pct_paid,avg_friction
1,12350,19087798.867222108,13481146.501891034,13481146.501891034,2210.8792956839884,universal_content,0.9860728744939271,0.10453516829458341
2,12650,8186985.041666436,5653322.597910068,19134469.0998011,905.1455173584203,universal_content,0.9940711462450593,0.12345018554030464
3,10521,6182168.406666625,2198732.299202374,21333201.399003476,423.2729330157731,universal_content,0.9517156163862751,0.22097029105895163
4,14479,0.0,0.0,21333201.399003476,0.0,rendering_fix,0.0,0.20568684726172964
