best_initiative,customers,total_ev_base,total_ev_low,total_ev_high,avg_ev,avg_p_success,avg_confidence
ai_builder,241678,45819359.197725944,22909679.598862972,68729038.79658891,189.58845735948637,0.99,0.713980881073914
brandkit,43268,7858255.607320211,3929127.8036601054,11787383.410980314,181.61818450864868,0.99,0.6431595798779632
universal_content,192790,5308471.247907537,2654235.6239537685,7962706.871861304,27.534992727358976,0.12256253953338492,0.7347425832226475
omnichannel,43664,972595.4559171328,486297.7279585664,1458893.183875699,22.274538656951556,0.12020374551688996,0.735621787958063
activation,396305,625143.6797907873,312571.83989539364,937715.5196861809,1.5774307157133705,0.01,0.7343420462049963
template_improvement,52615,117474.47619985836,58737.23809992918,176211.7142997875,2.232718354078844,0.01,0.7343420462049963
rendering_fix,13142,31271.671671025804,15635.835835512902,46907.5075065387,2.37952150898081,0.010000000000000002,0.7343420462049963
churn_prevention,6,770.9890993884547,385.4945496942274,1156.4836490826817,128.49818323140912,0.75,0.4388149548591643
