best_initiative,customers,total_mrr,total_ev_base,avg_p_success,wave,total_ev_low,total_ev_high,avg_confidence,description
activation,263090,17111721.074444894,181.20693161047436,0.0010879411277818674,3,126.84485212733205,235.56901109361667,0.75,Activation
ai_builder,139062,9025579.515555374,1496803.3678131306,0.7368460062619127,2,1047762.3574691913,1945844.37815707,0.75,Ai Builder
brandkit,628,42387.405000003,4687.327255972908,0.8181743479548499,2,3281.129079181035,6093.52543276478,0.75,Brandkit
code_mode,10399,1800626.297499517,342699.5330638853,0.9896928294949685,1,239889.67314471968,445509.3929830509,0.75,Code Mode
omnichannel,3339,235662.185,8.79283699211078,0.4224262499758328,2,6.154985894477546,11.430688089744015,0.75,Omnichannel
rendering_fix,657465,102851.139999987,4469.935221967731,0.4939956691322105,4,3128.9546553774117,5810.915788558051,0.75,Rendering Fix
template_improvement,38451,2645058.144999963,507437.7615564302,0.995046833831071,2,355206.4330895011,659669.0900233593,0.75,Template Improvement
universal_content,539158,77180888.11388373,17723331.07533077,0.9980222812259566,1,12406331.75273154,23040330.397930004,0.75,Universal Content
