best_initiative,customers,total_ev_base,total_ev_low,total_ev_high,avg_ev,avg_p_success,avg_confidence,avg_mrr,total_mrr,wave,rationale,description
ai_builder,241678,45819359.197725944,22909679.598862972,68729038.79658891,189.58845735948637,0.99,0.713980881073914,59.604301384486796,14405048.35,1,AI adoption accelerates creation → expands builder value proposition,AI Builder adoption push
brandkit,43268,7858255.607320211,3929127.8036601054,11787383.410980314,181.61818450864868,0.99,0.6431595798779632,59.42431103818064,2571171.09,1,Brand consistency reduces design friction → faster email creation cycles,Brand Kit adoption campaign
churn_prevention,6,770.9890993884547,385.4945496942274,1156.483649082682,128.49818323140912,0.75,0.4388149548591643,81.34166666666667,488.05,3,Retains at-risk revenue → highest CLV protection per dollar spent,Proactive churn prevention
universal_content,192790,5308471.247907537,2654235.6239537685,7962706.871861304,27.534992727358976,0.12256253953338492,0.7347425832226475,59.8734906374812,11543010.26,4,Content reuse drives volume → upgrade path to Standard/Premium,Universal Content Blocks expansion
omnichannel,43664,972595.4559171328,486297.7279585664,1458893.183875699,22.274538656951556,0.12020374551688996,0.735621787958063,59.76206027849029,2609450.6,4,SMS cross-sell expands ARPU → new revenue stream per customer,SMS + Omnichannel cross-sell
activation,396305,625143.6797907873,312571.83989539364,937715.5196861809,1.5774307157133705,0.01,0.7343420462049963,59.66908759667428,23647157.76,4,Converts dormant users → new builder pipeline → downstream revenue,Builder activation for dormant users
template_improvement,52615,117474.47619985836,58737.23809992918,176211.7142997875,2.232718354078844,0.01,0.7343420462049963,59.61634837973962,3136714.17,4,Improves template quality → higher completion rate → more sends → retention,Template completion rate improvement
rendering_fix,13142,31271.671671025804,15635.835835512902,46907.5075065387,2.37952150898081,0.010000000000000002,0.7343420462049963,60.00638715568406,788603.94,4,Reduces builder friction → directly increases email completion rate and reduces abandonment,Fix rendering/preview friction
