best_initiative,customers,total_mrr,total_ev_base,avg_p_success,wave,total_ev_low,total_ev_high,avg_confidence,description
activation,3237,2908540.498333358,86.03233978540976,0.0018062539953147376,3,60.22263784978683,111.84204172103269,0.75,Activation
ai_builder,1332,1097943.78958333,561997.381333666,0.49245907779790776,3,393398.1669335662,730596.5957337659,0.75,Ai Builder
brandkit,3,3335.666666667,1138.291713998682,0.6792321588178124,3,796.8041997990774,1479.7792281982868,0.75,Brandkit
code_mode,661,589545.642499982,345368.46464300517,0.9885544843638022,3,241757.9252501036,448979.00403590675,0.75,Code Mode
omnichannel,21,11302.666666667,3.0169731018389547,0.5637119646326815,3,2.1118811712872683,3.922065032390641,0.75,Omnichannel
rendering_fix,14501,16622.76,2285.7920707100016,0.768620643379232,4,1600.054449497001,2971.5296919230022,0.75,Rendering Fix
template_improvement,426,368835.243333334,217699.64041944392,0.9936146915469372,3,152389.74829361073,283009.5325452771,0.75,Template Improvement
universal_content,29819,28460826.04847183,20204622.779509764,0.9991573443652382,1,14143235.945656834,26266009.613362696,0.75,Universal Content
