metric,value
P10,20061382.899799135
P50,20086368.919861827
P90,20111411.46809446
mean,20086405.225396577
std,19445.83490764816
target_21M_hit_rate,0.0
