metric,value
P10,31685368.32234583
P25,45701233.35097523
P50,69435403.03759716
Mean,91994559.61085619
P75,109712884.06615332
P90,175440019.8807441
target_21M_hit_rate,0.9737
