metric,value
P10,21273793.350225877
P50,21340377.50467702
P90,21407559.27356768
mean,21340414.063572194
std,52227.82623194341
target_21M_hit_rate,1.0
